step,exposure,before_proxy,after_proxy,reward,brightness_before,contrast_before,sharpness_before,brightness_after,contrast_after,sharpness_after
1,20000,0.8479373011281782,0.8476798498195286,0.002574513086496255,47.524778842926025,5.528457512887581,6.884146960962321,47.5922634601593,5.545938026786424,6.898117525309667
2,20000,0.8756027580349255,0.8754411008161089,0.001616572188165577,40.75007939338684,3.22789721921735,6.842375507911934,40.79677700996399,3.2382953120195057,6.823790071717353
3,20000,0.8758772948395834,0.8756466942092215,0.0023060063036195455,40.64683246612549,3.2288657830321537,6.832633464343767,40.719388246536255,3.237830379519368,6.831931656053397
4,20000,0.8756538895002477,0.8758532642184113,-0.0019937471816355856,40.71872329711914,3.2356116468154865,6.843399537110285,40.62946653366089,3.245804603229221,6.831917535113813
5,20000,0.8755943048419664,0.875761400291443,-0.0016709544947657307,40.7665753364563,3.2206468881247114,6.826396680891461,40.68026828765869,3.2340223755090904,6.848373130537766
6,20000,0.8755307236173839,0.8756447693817024,-0.0011404576431850444,40.78929662704468,3.2212863318236384,6.827376983695103,40.759706258773804,3.2118758841611474,6.839593232687899
7,30000,0.875316971572625,0.8761206252563877,-0.008036536837626729,40.86093282699585,3.2254468086640093,6.843537557858222,40.55603075027466,3.2272975061696925,6.848659401518489
8,30000,0.8606831863233039,0.8609900305579807,-0.0030684423467686184,44.54008102416992,4.392011210463347,6.729652705937042,44.41276478767395,4.396610657688341,6.770156803561804
9,40000,0.8607157532210791,0.861175658810385,-0.004599055893059756,44.51226210594177,4.402326889415524,6.7255573715346015,44.30993843078613,4.415650950623524,6.797879239761642
10,30000,0.847195275377244,0.8477286109939739,-0.005333356167298575,47.80722188949585,5.52492531003543,6.894832376858071,47.59782814979553,5.5317665560572715,6.884459868998315
11,20000,0.860616980700645,0.8608737780939885,-0.002567973933434997,44.52680253982544,4.416452025376252,6.728987262258357,44.44566583633423,4.40482630814021,6.75301017560822
12,40000,0.8756287819152905,0.8751970498472661,0.004317320680243819,40.760695457458496,3.215394806543108,6.835655512671705,40.91043519973755,3.222495331712858,6.844177213890712
13,20000,0.8477646824538834,0.8477678251194144,-3.142665531030708e-05,47.56837320327759,5.541174053166261,6.8942913475508725,47.569891929626465,5.540906189209644,6.8760618396244215
14,20000,0.8755887141620299,0.8754076085986185,0.0018110556341133233,40.76397728919983,3.2233241673430273,6.830487108523812,40.85193967819214,3.2107540573680673,6.8272310615062946
15,40000,0.8757654254726231,0.8752971764234599,0.004682490491632052,40.69415497779846,3.2248448144038466,6.839923579694782,40.86835980415344,3.2255563460831036,6.842137970353772
16,20000,0.847461463192945,0.8477417418944284,-0.0028027870148339407,47.68249583244324,5.54122271129682,6.89035987040884,47.570199489593506,5.5448334410971905,6.90276038625178
17,40000,0.8756353851640092,0.8759219958375164,-0.002866106735072149,40.714197874069214,3.243130843978634,6.841125965685933,40.63801097869873,3.224344408869179,6.8256195469963625
18,30000,0.8475934640700025,0.8479266295734833,-0.0033316550348083673,47.61920738220215,5.549281783125147,6.89992644331131,47.518065452575684,5.534890763199098,6.88945311895591
19,20000,0.8609764627522128,0.8609289562556766,0.00047506496536287024,44.38342046737671,4.418979090263155,6.766009376058404,44.39306688308716,4.423974322067435,6.768917142430278
20,20000,0.8759062185760085,0.8753151588033363,0.005910597726721534,40.64626979827881,3.2211855767260085,6.8463661766691075,40.887585401535034,3.2091639984960167,6.839290396510478
21,20000,0.8752227443981944,0.8756104253790478,-0.0038768098085339986,40.91532039642334,3.2134750317365244,6.840765737323636,40.75048112869263,3.226146755417018,6.838040390602741
22,40000,0.875805469114298,0.8759187263544075,-0.0011325724010946558,40.65305709838867,3.242052419791332,6.833480622604839,40.605711936950684,3.244535789631674,6.841428070776285
23,30000,0.847786405828758,0.8478183993165178,-0.00031993487759840455,47.54492998123169,5.550881004538563,6.895330107140476,47.530131816864014,5.552813676785789,6.893576555712254
24,20000,0.8609532770833175,0.8608346193663501,0.0011865771696739635,44.39475774765015,4.417633615302991,6.761686577558872,44.40607786178589,4.440075154009847,6.746579581539559
25,40000,0.8761347569582577,0.8759493918556948,0.0018536510256295102,40.55095648765564,3.2282950794199263,6.834388731232734,40.61198091506958,3.233647456504356,6.835383906054631
26,40000,0.8479777787277909,0.8478054814403247,0.0017229728746614992,47.441593170166016,5.570763348549217,6.899376598434069,47.550827503204346,5.541977695807667,6.9022144557951695
27,20000,0.8477389014096541,0.8479204773991753,-0.001815759895211766,47.55060291290283,5.5598469490520515,6.880385604664298,47.5061297416687,5.544485956438703,6.883455413640743
28,40000,0.8759277874992293,0.8759350152938401,-7.227794610820126e-05,40.60903882980347,3.2413439271773026,6.827527774168315,40.614731788635254,3.2346120837268404,6.844448762812031
29,40000,0.8480791776689209,0.8475031105461632,0.005760671227577063,47.427775144577026,5.555844658995243,6.892207599180333,47.624390602111816,5.56751307017843,6.901630167385415
30,40000,0.8480460765104697,0.8477705570348835,0.002755194755862389,47.4406156539917,5.557350449307307,6.869964620315841,47.5862238407135,5.528758360326415,6.88905866556129
31,40000,0.8479284024151862,0.8477867818111006,0.0014162060408562382,47.48127579689026,5.556161794717819,6.91256394534653,47.550938844680786,5.547973110689614,6.882479925631742
32,40000,0.8481034998478442,0.8480345632846445,0.000689365631996175,47.42362332344055,5.554024163638914,6.875211823456677,47.46112084388733,5.544803284876985,6.897302334005312
33,40000,0.8479770226444355,0.8479282795914673,0.0004874305296820314,47.432251930236816,5.577478344179021,6.892437322561259,47.524431228637695,5.528890903719263,6.908575100005692
34,30000,0.8477280351138434,0.8475166015353107,0.0021143357853270484,47.56017732620239,5.555231877785229,6.894077576535333,47.67861795425415,5.5304302612092044,6.890873494919699
35,40000,0.8608228646433275,0.8610765057044949,-0.0025364106116743113,44.43923807144165,4.421083752352939,6.7539545940725345,44.359007596969604,4.408384253383431,6.79361894346553
36,40000,0.8478251374789268,0.8476251224510107,0.002000150279161117,47.53277397155762,5.550059707397195,6.8866494482936105,47.611380100250244,5.54627341539991,6.90517415246712
37,40000,0.8479727350354495,0.848157599542029,-0.0018486450657950737,47.491806507110596,5.540830438668792,6.8869623534068385,47.417747020721436,5.5432269759387065,6.894888008907994
38,40000,0.8480464911571161,0.8481784428246136,-0.0013195166749757625,47.440834283828735,5.555317806639858,6.892379675023815,47.389957666397095,5.556804481080408,6.884954181477042
39,40000,0.8475059158323583,0.8477603957458189,-0.002544799134605036,47.66991209983826,5.539529712018093,6.878834303992685,47.52452063560486,5.570681355128079,6.889130738603537
40,40000,0.8477399770043138,0.8479003554128093,-0.0016037840849547624,47.56757378578186,5.54826062370403,6.8862209045034,47.468575954437256,5.571502178595542,6.906548893629756
41,40000,0.8475967099893194,0.847779863973522,-0.0018315398420265527,47.61556315422058,5.55145598314378,6.892165008979996,47.55599784851074,5.5455294773977855,6.893306823875719
42,40000,0.8479837242558288,0.8480715002154497,-0.0008777595962095042,47.48608875274658,5.54123872705776,6.894633122319087,47.40729308128357,5.5701053735822645,6.900837533603758
43,40000,0.8474785870049925,0.8479186103735676,-0.00440023368575182,47.65839672088623,5.552253434945352,6.893897281115992,47.506651639938354,5.5439695335430015,6.89133659050276
44,40000,0.8479737482702282,0.8476940200987951,0.0027972817143306905,47.47493290901184,5.550772583755262,6.894634620280053,47.54792332649231,5.571872940357416,6.886141337208439
45,40000,0.8480014271954468,0.8478633452452036,0.0013808195024322956,47.5005304813385,5.527387721442645,6.899128044918736,47.52232623100281,5.546667848501434,6.898006310098831
46,40000,0.8480072750019518,0.8475303977506048,0.0047687725134704095,47.46143817901611,5.550860131496024,6.900917918315267,47.62855386734009,5.558335160075627,6.90118630851965
47,40000,0.8477781803023656,0.8477590077197746,0.00019172582590987197,47.54559850692749,5.552120707050081,6.89916219935699,47.582964181900024,5.532431575907037,6.903868686637802
48,30000,0.8481214220235537,0.8478295082943208,0.002919137292328733,47.37688851356506,5.57722930322873,6.905259530459261,47.526118755340576,5.551231429169506,6.912132209694075
49,30000,0.8611741843533878,0.8612769233750289,-0.0010273902164115167,44.29070520401001,4.428367980679433,6.797205549263708,44.236674070358276,4.436476809077645,6.819877198576601
50,30000,0.8611984428691105,0.8613429926728008,-0.0014454980369027481,44.23942756652832,4.453858410214439,6.8160207327613405,44.24522352218628,4.4156661722984385,6.813406650376832
51,20000,0.8610811106307422,0.8611961564824884,-0.001150458517461539,44.34413194656372,4.417923257072311,6.779571821859814,44.28697729110718,4.425176837965573,6.80100174910775
52,40000,0.8755478284719933,0.8762520533682836,-0.007042248962902953,40.772753953933716,3.2275061137224688,6.8306565310194856,40.49266862869263,3.23720786055512,6.837392608669374
53,40000,0.8484121345584936,0.8478224718583405,0.005896627001531485,47.28599810600281,5.567504180328744,6.881809222387242,47.57162284851074,5.526127397361603,6.883009169872716
54,40000,0.8476517865355825,0.8479056857695275,-0.002538992339450319,47.63101887702942,5.52890703834802,6.885151397666855,47.508302450180054,5.546565278419852,6.884457109728723
55,40000,0.8479602082450808,0.848221349102312,-0.0026114085723116798,47.48771953582764,5.547052073440242,6.879468060133499,47.35090136528015,5.57097320987501,6.891576647385275
56,30000,0.847909896661167,0.8477933130711326,0.0011658359003441365,47.53405451774597,5.527759114712485,6.900884940625158,47.56178283691406,5.539114879855991,6.886862093089698
57,30000,0.8615725489239742,0.8609281730705763,0.006443758533978272,44.09496855735779,4.453281987671057,6.8565799233271285,44.44038367271423,4.394922264423329,6.755883101265577
58,30000,0.8611754662896709,0.8608269332152119,0.0034853307445903425,44.3016037940979,4.421916079154378,6.78681978877435,44.464237451553345,4.403607209091572,6.760210628292953
59,30000,0.8612732122825206,0.8609434563841709,0.003297558983497151,44.284268379211426,4.408564630231888,6.799158240848241,44.36885213851929,4.435008705544635,6.781204920025071
60,30000,0.8607653743333564,0.8610464038050095,-0.0028102947165309367,44.50990295410156,4.390996752192458,6.737193964712473,44.37578821182251,4.406921116309969,6.767968936516809
61,20000,0.8609863288107547,0.8609648336000756,0.0002149521067906779,44.3791937828064,4.418856442567158,6.771757773195428,44.40058422088623,4.41148686458187,6.757239625409966
62,20000,0.8757061624117837,0.8757944421463808,-0.0008827973459712979,40.702430725097656,3.2331195174159673,6.8480729961680975,40.708783864974976,3.2080789856920524,6.845415319906946
63,40000,0.8756672864684578,0.8758952374229986,-0.0022795095454075653,40.75213694572449,3.21022041821329,6.853289801164361,40.64127016067505,3.225589751195104,6.864254555664957
64,20000,0.8479890046333939,0.8474775274264081,0.005114772069857443,47.44316625595093,5.5684869690364405,6.881568939255569,47.666786193847656,5.546653343059869,6.89996138174582
65,20000,0.8757240509119197,0.8761389334216371,-0.004148825097173292,40.694910287857056,3.235282229129933,6.82753709726026,40.56154727935791,3.2206415967155837,6.832801541280787
66,40000,0.8760261388126728,0.8759603832716334,0.0006575554103938064,40.61014270782471,3.2152764235423157,6.849486605104981,40.62035512924194,3.2250585864396286,6.842776820668998
67,40000,0.8480129149696262,0.8479015634971143,0.0011135147251184474,47.44902563095093,5.558321628152,6.890029691614156,47.48543047904968,5.561978640847142,6.887132665670274
68,40000,0.8473924985643225,0.8478210678608793,-0.004285692965567689,47.77208590507507,5.499575567605517,6.901122471362807,47.53993082046509,5.545259746781612,6.901603018871251
69,40000,0.8478336524704506,0.8476608520071682,0.001728004632823854,47.53098821640015,5.5485829120244645,6.893850457141209,47.58470320701599,5.555529039097769,6.895705333645205
70,40000,0.8477710684820001,0.8475650036330681,0.0020606484893204158,47.59495234489441,5.522636136899415,6.89422408360168,47.65745162963867,5.53043977964598,6.9148788181115854
71,40000,0.8476512318476809,0.8481287196633326,-0.004774878156517115,47.611188650131226,5.5403451695553825,6.902480636465393,47.40088891983032,5.561015012859527,6.894041990615628
72,30000,0.8479378586991685,0.8477850221652942,0.0015283653387432317,47.508033990859985,5.538152133581357,6.895250305847778,47.5721116065979,5.533146835082637,6.9037052128013645
73,30000,0.8611134174623714,0.8612083486714402,-0.0009493120906889363,44.32114362716675,4.4238967286287885,6.79188948769206,44.302714586257935,4.411800953015303,6.805725382924406
74,30000,0.8612327800090183,0.8612805732045499,-0.000477931955316091,44.30279564857483,4.407063764241111,6.7909977313328325,44.23193907737732,4.438399138653282,6.822778534165887
75,30000,0.8610085141505652,0.8609901185004071,0.0001839565015815392,44.36562252044678,4.422152349851739,6.772573011583203,44.36196160316467,4.429412758441197,6.7662921929462625
76,20000,0.8615104680913345,0.8610039133174164,0.005065547739180332,44.15980648994446,4.427072345400078,6.85173948893988,44.35875344276428,4.427281317521594,6.777216036616561
77,20000,0.875542324457339,0.8758928115082715,-0.0035048705093243537,40.76814150810242,3.230064434853636,6.852089127492945,40.61105728149414,3.246997055895828,6.845644024534522
78,30000,0.8763911967544602,0.8761610676648044,0.0023012908965580614,40.447511434555054,3.2314453303863577,6.853251630349405,40.552300214767456,3.219703950273958,6.8520959090227604
79,20000,0.8610688738913017,0.8614033369331697,-0.003344630418680161,44.322619915008545,4.433372181471159,6.795266737637017,44.172399044036865,4.445833394500927,6.8378794169342525
80,40000,0.8758839148308413,0.8755693049147354,0.0031460991610587907,40.67105555534363,3.2106508243911414,6.846675759837719,40.777841091156006,3.219406130845907,6.82677989097192
81,40000,0.8479875523336123,0.8481534583554424,-0.0016590602183008674,47.50466847419739,5.529013199484918,6.887330212022473,47.414063692092896,5.547768810617193,6.88000526421456
82,20000,0.8478885559468758,0.8478701859805713,0.00018369966304554453,47.52457523345947,5.537865274132384,6.914414365041816,47.492851972579956,5.564884182644814,6.885573994586277
83,40000,0.8759142732564074,0.8759057580013344,8.515255072949479e-05,40.63578462600708,3.227403052556981,6.828365065759185,40.683337688446045,3.199770406755411,6.818894403985619
84,30000,0.8478507958750193,0.8476608425288594,0.00189953346159899,47.54732966423035,5.533566272299605,6.899396657354057,47.58960819244385,5.553461495875441,6.882338175428126
85,30000,0.8611096856368757,0.8610265321235058,0.0008315351336996013,44.36918234825134,4.395348713938996,6.775625379124589,44.37283682823181,4.413808038815094,6.76510851843967
86,30000,0.860526307642474,0.860763762444219,-0.0023745480174508504,44.56580424308777,4.414719843748178,6.710645081023709,44.46071457862854,4.421847521819752,6.749902015567737
87,30000,0.8604963238167611,0.8610371315169122,-0.005408077001510803,44.57837128639221,4.415472736131756,6.690649056932112,44.371330976486206,4.410739215805991,6.783717439798833
88,20000,0.8613927978498533,0.860756064572481,0.0063673327737234775,44.21232080459595,4.4241277733597,6.821442846676187,44.495362520217896,4.402312549832723,6.739999247904858
89,30000,0.8756762446389882,0.8759123226951488,-0.0023607805616066013,40.75975775718689,3.206477542122792,6.812234749005256,40.66079330444336,3.2114642905292934,6.833381847390228
90,20000,0.8605730748446556,0.8608837677445997,-0.0031069289994412053,44.56636190414429,4.402279375443391,6.721388039836607,44.481605529785156,4.380303814538701,6.742054846185861
91,40000,0.8756416191928702,0.8758849199440955,-0.0024330075122525052,40.71314096450806,3.240949892435837,6.858141049876988,40.63994240760803,3.2300775427887642,6.849731621989927
92,30000,0.847750911625947,0.8479554172850183,-0.0020450565907137452,47.583844900131226,5.534791969262554,6.891606305327409,47.50332951545715,5.538052217993381,6.88145929637029
93,20000,0.8611669802293163,0.8610654387230601,0.001015415062561864,44.359310150146484,4.388651325698525,6.766436539647657,44.37353181838989,4.403288081350848,6.774328266815142
94,40000,0.8755133409200457,0.8758403795166818,-0.003270385966360756,40.802669525146484,3.216716408010384,6.829665938561133,40.652846574783325,3.232266991486392,6.852751458108183
95,20000,0.8479779015522264,0.8474831648826053,0.004947366696210764,47.494147539138794,5.537740236751062,6.891362070822092,47.70760226249695,5.518581882753163,6.907413717793938
96,40000,0.8752940349002469,0.875394008108378,-0.0009997320813104338,40.89165282249451,3.211611474218851,6.839529291567383,40.842777252197266,3.2193513708885613,6.833865521180996
97,20000,0.8480262047793188,0.8476892837976574,0.0033692098166138162,47.46144104003906,5.545935708403688,6.905660986685129,47.60524272918701,5.535094520035729,6.901525273084994
98,20000,0.875653206962005,0.8760013846809795,-0.0034817771897455163,40.755881547927856,3.211406233908037,6.8507488067116356,40.61840558052063,3.2173070675075586,6.832262969051953
99,40000,0.8758626041020107,0.8762174312295632,-0.003548271275525261,40.62570405006409,3.2459457371406026,6.8322335791978315,40.51266288757324,3.2315792752957466,6.8516622695277745
100,20000,0.8479596484222864,0.8479957972149729,-0.0003614879268643012,47.47651386260986,5.552757784875871,6.899471521313339,47.49502491950989,5.531769037086146,6.905296035425531
101,40000,0.8757581163258131,0.8753456986204886,0.004124177053245193,40.70511841773987,3.221001908647861,6.822179822543499,40.87682294845581,3.209401510429474,6.8308016705192625
102,20000,0.8480900229048138,0.8476028546794548,0.004871682253589915,47.42552661895752,5.554677911136912,6.892244444686989,47.63912487030029,5.534760954341401,6.893925069965601
103,40000,0.8751996732234804,0.8759267299827092,-0.0072705675922879465,40.89653706550598,3.231870658127337,6.830300578919378,40.64030146598816,3.220718937738307,6.838411602238606
104,40000,0.8481015725012757,0.8478401223535321,0.0026145014774359154,47.43771004676819,5.543900327567755,6.894848027430166,47.488688230514526,5.574567783885091,6.888029796723808
105,20000,0.8481771397336484,0.8477400503274668,0.0043708940618159,47.400174140930176,5.5497352406526215,6.895497163455625,47.582184076309204,5.538597200119645,6.889911405630196
106,30000,0.8756547323468407,0.8759219389754163,-0.002672066285756003,40.71485209465027,3.238119600746406,6.840491192945592,40.628697633743286,3.229600317890677,6.834598030171388
107,20000,0.8615640960064752,0.8614493543069636,0.001147416995116446,44.13884735107422,4.428043652404432,6.8463875169251445,44.193379640579224,4.422438033075356,6.824424541033646
108,20000,0.8762811740587119,0.8754603131942447,0.008208608644671989,40.513256311416626,3.2160268184348433,6.850092102095914,40.811976194381714,3.222056051108591,6.847550223355029
109,40000,0.875540525523673,0.8759559232089822,-0.004153976853091823,40.7888240814209,3.219304893831611,6.826519604718565,40.62819170951843,3.222286708015431,6.828112846713024
110,20000,0.8480505350844283,0.8479089377932603,0.0014159729116802744,47.44695210456848,5.550377503356147,6.893059118215556,47.499422550201416,5.551721279353082,6.881290226694546
111,20000,0.8755968372346508,0.8759027109819095,-0.0030587374725876693,40.74134850502014,3.2346486722444086,6.845591852831499,40.63385462760925,3.229708355751339,6.849675586505678
112,20000,0.8762582950496002,0.8756577761662845,0.006005188833156927,40.503427505493164,3.2295767432907874,6.827985516119393,40.75455665588379,3.210865137373278,6.8544040369103225
113,20000,0.8757892715112171,0.8757451105610484,0.0004416095016868127,40.702919006347656,3.2136558598908245,6.838135166932157,40.71566390991211,3.215019102768406,6.851618252952903
114,20000,0.8757256354550963,0.8757763228131767,-0.0005068735808044789,40.704103231430054,3.2280453705384495,6.839700651540066,40.68785905838013,3.226791436864561,6.833266132621598
115,30000,0.8757628253177361,0.8757205445047795,0.0004228081295654107,40.72473216056824,3.206654407848839,6.8304866641352895,40.71011543273926,3.226597886545396,6.824969441929765
116,40000,0.861234141799071,0.8612796541789651,-0.00045512379894141475,44.261539459228516,4.431542588117144,6.81097657749468,44.261900186538696,4.419654653389538,6.820152803426026
117,20000,0.8480459076496873,0.8480698635491065,-0.000239558994191702,47.48350191116333,5.52738952327143,6.901892720738383,47.437758684158325,5.552265768051298,6.88501777877253
118,20000,0.8763195279873325,0.8756231266064192,0.0069640138091331405,40.493595361709595,3.2203777586920426,6.837931160675349,40.73945665359497,3.2303556356360907,6.835521506531573
119,20000,0.8756775187291507,0.8759649615700243,-0.002874428408736751,40.74452590942383,3.2142420307318007,6.83321115300987,40.59761691093445,3.2396997019182936,6.827933728472685
120,20000,0.8765117305759252,0.8766149372185629,-0.0010320664263763213,40.398804664611816,3.2341747220846626,6.847186929271313,40.35697293281555,3.2368673481687424,6.838563029677655
121,20000,0.8764300738723811,0.8765385098422939,-0.0010843596991272353,40.4428334236145,3.2259844963330595,6.842304789777383,40.44054198265076,3.20192901100918,6.836021974297533
122,20000,0.8758589167579708,0.8756944875852966,0.0016442917267422974,40.672221422195435,3.2167864255530207,6.835648029111326,40.72049260139465,3.2247944927469963,6.842665273615834
123,20000,0.8758111788571756,0.8756509562196976,0.0016022263747805798,40.6870756149292,3.2187415833814845,6.8355887167708715,40.724327087402344,3.2322851806787956,6.848949883203555
124,20000,0.8761171340538694,0.875936083949522,0.001810501043473245,40.588764667510986,3.206990672950545,6.851097086422353,40.64380931854248,3.2161642667921106,6.839220268192548
125,30000,0.8758893628506903,0.8757826816223728,0.001066812283174734,40.656869888305664,3.218256417671104,6.848747120595046,40.69498658180237,3.2191943089326007,6.852133616805077
126,40000,0.8607787983708968,0.8611481849436124,-0.0036938657271567976,44.515634059906006,4.384768746414394,6.728923077881869,44.29352569580078,4.433073332880219,6.793822941753801
127,20000,0.8478762850483009,0.8477114516415902,0.0016483340671069602,47.512791872024536,5.548661874811049,6.910536443762794,47.56542754173279,5.555836258100361,6.8942715151123455
128,20000,0.875840956704625,0.8761269459800443,-0.0028598927541922947,40.66925239562988,3.223227281371574,6.832769703941267,40.55865669250488,3.2243615666580534,6.8453889366025145
129,20000,0.87535060795132,0.8756429649420598,-0.0029235699073981714,40.836220264434814,3.2343050012391004,6.829601515072578,40.75217938423157,3.2160165375340055,6.853463380793073
130,20000,0.8754795992632881,0.8757449654398685,-0.0026536617658035055,40.788116455078125,3.234774219222595,6.8215928292282895,40.71087455749512,3.217900112440988,6.854355814921291
131,20000,0.8756194903573381,0.8759367021800096,-0.0031721182267152592,40.752705335617065,3.2218083713334447,6.847281601381279,40.63677978515625,3.219901683813021,6.846884131058371
132,20000,0.8756557527446125,0.8759877380838157,-0.0033198533920320017,40.7223117351532,3.2325397012673815,6.847501619094497,40.612688302993774,3.2243505839180413,6.83089702562725
133,30000,0.8759954255462389,0.8762363148664087,-0.00240889320169857,40.631640911102295,3.2102652827262674,6.832280038386671,40.623131275177,3.1577193684058282,6.834513094284969
134,20000,0.8613193771933478,0.8610114407004722,0.0030793649287563785,44.28875994682312,4.39525613207391,6.791087194447755,44.36349105834961,4.424916826974295,6.746289094607969
135,20000,0.8760259143826081,0.8761014402151064,-0.0007552583249825773,40.602338790893555,3.2219099106695217,6.8296726416582585,40.566205978393555,3.2257830398961795,6.843743528830284
136,20000,0.8761952378384793,0.8761419342576071,0.0005330358087218823,40.53710341453552,3.222357343475488,6.837992374834253,40.50899791717529,3.252887705398174,6.841117572298923
137,40000,0.8755810335781233,0.8756558845758351,-0.0007485099771176174,40.743823766708374,3.2385351177572965,6.824620159996812,40.703665018081665,3.244652847028899,6.844865539980358
138,20000,0.8480250633793119,0.8477582548357363,0.002668085435756362,47.44757127761841,5.555231313342131,6.903848224340436,47.57131624221802,5.539610922862828,6.909569019261653
139,20000,0.8751290762439646,0.8751968319652057,-0.0006775572124106954,40.921950578689575,3.2309291195981626,6.850552643612584,40.89705777168274,3.230314554361181,6.854110001406194
140,20000,0.8760514220453784,0.8760300539757799,0.00021368069598515227,40.59141135215759,3.221838580265277,6.84146079328789,40.57151699066162,3.239574049241146,6.8430265318528525
141,20000,0.8758580447349401,0.8756593022956562,0.0019874243928386104,40.655763149261475,3.2260734106451663,6.853842968023296,40.72153568267822,3.232489204819584,6.843692591360546
142,20000,0.8754400127291653,0.8758753566076936,-0.004353438785282826,40.80383825302124,3.232982375076983,6.836976099872014,40.64164710044861,3.2305319211198245,6.859104359332728
143,30000,0.875748663518494,0.875546652039593,0.0020201147890097637,40.67938184738159,3.2389863658778273,6.83162509199236,40.78343892097473,3.2186797640282507,6.859035463069982
144,20000,0.8610676676021963,0.8609403357153438,0.0012733188685254415,44.32763123512268,4.43084548457457,6.790378755247415,44.38719177246094,4.4245228893138515,6.77492255785819
145,30000,0.8758564941115716,0.8755397107128108,0.0031678339876084483,40.65398597717285,3.227271124617618,6.857740790182002,40.78789973258972,3.2183789472612103,6.847933160084618
146,20000,0.8611282379803199,0.8608899081528149,0.0023832982750504605,44.310036182403564,4.426779282844174,6.8002555642596105,44.40105748176575,4.429936460186915,6.747609935093038
147,30000,0.8756062931679335,0.8761898721850192,-0.005835790170857225,40.730918169021606,3.238575600038749,6.851580143542378,40.53135061264038,3.2265182965939565,6.848099836394795
148,20000,0.861020006588845,0.8612656345473075,-0.0024562795846250207,44.35372447967529,4.426349450767805,6.78081626146503,44.25356864929199,4.428959124509612,6.8125581073712835
149,30000,0.8760056517075828,0.8756493079936027,0.0035634371398007847,40.576366901397705,3.2402094024847434,6.86949213501066,40.73633027076721,3.223770808761572,6.864298743534515
150,20000,0.8608542228677313,0.8609900268553872,-0.0013580398765589141,44.42011094093323,4.424534698149241,6.769760142474892,44.36371326446533,4.427226967589896,6.77987622324225
151,30000,0.8752727396895917,0.8761024447056631,-0.008297050160713804,40.86481690406799,3.2332412398473904,6.847730200588558,40.55924439430237,3.230167487222915,6.841617138305433
152,20000,0.861058236610233,0.8610775852479053,-0.0001934863767238948,44.33603048324585,4.4262752659920235,6.808605478434087,44.33000898361206,4.427093161261164,6.7885078716229925
153,20000,0.8756348472150602,0.8757769359914485,-0.0014208877638821615,40.72042202949524,3.238922537391671,6.8455504014613195,40.65626931190491,3.245342169868394,6.852260407060385
154,20000,0.8757214791839621,0.8752498725199018,0.0047160666406032,40.70139169692993,3.230090886939016,6.848292785936476,40.87560820579529,3.2317743284925387,6.848337687775395
155,20000,0.8757952848885319,0.8756454365921652,0.0014984829636666142,40.6410436630249,3.2493160478068033,6.869345432620005,40.71982550621033,3.2348488570540463,6.869475460646195
156,20000,0.8755189946413507,0.8756161293322985,-0.0009713469094774219,40.75552725791931,3.2431404041351364,6.859542960904037,40.73357105255127,3.234615516531986,6.850349626044486
157,20000,0.8751998583636221,0.8754406448002992,-0.002407864366770207,40.90152859687805,3.2272791933204115,6.847206217603938,40.77763772010803,3.248639544885687,6.848969527167355
158,20000,0.8753947909941847,0.875777519194222,-0.0038272820003726338,40.81238532066345,3.236754516795783,6.857112992191105,40.684935331344604,3.228977889343974,6.825736149777536
159,20000,0.8756313056294001,0.875833308459437,-0.00202002830036907,40.72989058494568,3.2338777748298533,6.8434862468610715,40.66591739654541,3.226898499380725,6.836504207066948
160,20000,0.8759228928440083,0.8760599819730205,-0.0013708912901222448,40.6407105922699,3.2207916229293514,6.84574144319927,40.579216718673706,3.227848767624103,6.8382107362476745
161,30000,0.8756080369337587,0.8755118555570429,0.0009618137671574267,40.764437437057495,3.2167713876628174,6.850747356478678,40.784740924835205,3.2289738457973254,6.824332857723117
162,20000,0.861011665429268,0.8608436928517923,0.001679725774756946,44.3691623210907,4.419236324327377,6.771251089378334,44.439786434173584,4.416152022649015,6.748729688121784
163,30000,0.876077789591761,0.8758281600867139,0.002496295050470332,40.578288555145264,3.22264503062013,6.857259900803352,40.67645049095154,3.2195314842138103,6.859772259573115
164,20000,0.8611012529673299,0.8608588364334391,0.00242416533890788,44.352827072143555,4.405871217225142,6.800234305547642,44.43118095397949,4.418265969880497,6.745718444340724
165,40000,0.8754585491451026,0.8760489242332361,-0.0059037508813353234,40.790764808654785,3.236016784058316,6.848024294725188,40.57875108718872,3.229828003424049,6.85036855998113
166,20000,0.8478074248689056,0.8479489240394151,-0.001414991705095403,47.55475640296936,5.539644162276742,6.8941221410692854,47.46417164802551,5.56466602402926,6.8815293971847495
167,30000,0.8755568926430319,0.8759089322202454,-0.003520395772134144,40.75782871246338,3.234246474818465,6.838611435966413,40.63441324234009,3.2262251576958523,6.87008292934514
168,20000,0.8611924656196516,0.8608596778938699,0.0033278772578171356,44.295246601104736,4.420476582888487,6.8046730461013665,44.428176164627075,4.417970449857637,6.770926378153386
169,30000,0.8753050503823541,0.8758242376561018,-0.005191872737477787,40.844759941101074,3.239656401530841,6.831064304993457,40.64850997924805,3.2397945435442623,6.8417754034068405
170,20000,0.8612072902659453,0.860982685742337,0.0022460452360828498,44.27228260040283,4.4319802856249035,6.800114828630181,44.35920310020447,4.4308242306747925,6.793015087918006
171,20000,0.8759801594441444,0.875451153504323,0.005290059398214142,40.59638214111328,3.2348644583268094,6.852658809575271,40.801589250564575,3.231420100266181,6.841074229187039
172,20000,0.8760176415779152,0.8755645859156228,0.004530556622923676,40.564497232437134,3.2472506464323714,6.840464326352642,40.73612189292908,3.2453855132287357,6.8499481943396425
173,20000,0.8756289845277134,0.8757524576339258,-0.001234731062124128,40.76184368133545,3.213188390534501,6.853442084494769,40.697513818740845,3.225169660652031,6.84789579014523
174,20000,0.8757566698589229,0.8757809771658978,-0.0002430730697489114,40.65210938453674,3.2534122628759707,6.845462060987895,40.68844938278198,3.224720462599803,6.840467657553431
175,20000,0.8762704028999704,0.8760924556713581,0.0017794722861230738,40.502131938934326,3.225550123216779,6.852359248404355,40.55073165893555,3.2376870824705235,6.845691183559804
176,20000,0.8755982179961636,0.8758378555117142,-0.0023963751555067248,40.71577334403992,3.249889189369837,6.855544392067155,40.678338050842285,3.2178153162218175,6.837037605346268
177,20000,0.8759994102191251,0.8758728706251414,0.0012653959398367665,40.581573247909546,3.2409547336110336,6.837249189210421,40.626315116882324,3.241578773282464,6.851132523486424
178,20000,0.8753869432254429,0.8760521617636228,-0.006652185381799125,40.833179235458374,3.2273853725578667,6.831419283031106,40.60002899169922,3.215008556882386,6.855675814508127
179,20000,0.8759934702217294,0.8761496309625818,-0.0015616074085245124,40.60628533363342,3.225640439688329,6.848801169640549,40.52237868309021,3.2424934507460055,6.840909513208002
180,20000,0.8757662847521148,0.8755001548362921,0.002661299158227548,40.671053647994995,3.239862601713335,6.834434038278827,40.78031802177429,3.234135758748489,6.8302943325733265
181,20000,0.8762079514210778,0.8766175336133507,-0.004095821922729392,40.458975315093994,3.267520076602009,6.860342258489605,40.34832787513733,3.2396323708933887,6.865371522681926
182,30000,0.8758724112575292,0.8754528018561313,0.004196094013979579,40.67044711112976,3.213971495172155,6.844545648722171,40.77462148666382,3.24833814016982,6.840395786172849
183,20000,0.8611726639537168,0.8611194729295395,0.0005319102417733479,44.273064613342285,4.439637239767462,6.802025735018002,44.309808015823364,4.428948866734407,6.801256250614538
184,30000,0.8763515251943262,0.8759703056718905,0.0038121952243574952,40.46620750427246,3.229527637780156,6.846668910589553,40.60418629646301,3.2329172630720104,6.8441268242244275
185,30000,0.8605759095240114,0.8606087020726524,-0.000327925486409697,44.57401371002197,4.397506086203059,6.711335670251771,44.55357336997986,4.4023146648660045,6.716373511378748
186,30000,0.8609432523285105,0.861060921990913,-0.0011766966240245313,44.35279035568237,4.446192718482,6.770511187984435,44.345725536346436,4.421550159336154,6.7820527447875065
187,20000,0.8608297478234702,0.8609136515513642,-0.0008390372789401912,44.428208351135254,4.425348821616044,6.768229450306886,44.40214443206787,4.422172308645446,6.764736031296392
188,30000,0.8755722226404796,0.8760240038110723,-0.004517811705926356,40.77181959152222,3.221136897503721,6.8445641275866365,40.58944845199585,3.2291893143966357,6.847534520858413
189,20000,0.8608157841514809,0.8611456633681425,-0.0032987921666161046,44.43280553817749,4.425190637976784,6.775320265427581,44.28539562225342,4.438620014041617,6.797094742025051
190,30000,0.8758350671418256,0.8761082527820345,-0.0027318564020895053,40.62364363670349,3.2515988647557155,6.860663671448843,40.54540777206421,3.236986365065467,6.849649914064581
191,20000,0.8611223509592147,0.8609482276293527,0.0017412332986199708,44.30863881111145,4.429356163134636,6.796884594281333,44.351916551589966,4.444117872181637,6.788511296951583
192,20000,0.875990378792464,0.8758663800661702,0.001239987262937614,40.605231285095215,3.227783336348293,6.839721637492754,40.6250057220459,3.243732203905636,6.854161476301566
193,20000,0.8752791880673095,0.8758753449173138,-0.00596156850004248,40.86380672454834,3.2321065235332034,6.850650457519701,40.62109088897705,3.2438363869034887,6.8572832999485875
194,20000,0.8752409505106146,0.8751091568904013,0.001317936202133163,40.91114783287048,3.2115120922206892,6.844064652433783,40.945467710494995,3.2222112952649917,6.831146454023734
195,30000,0.875410297028363,0.8756892919989999,-0.0027899497063688106,40.82854127883911,3.223125167880564,6.851714085690812,40.747095346450806,3.2090819299341864,6.8418371072163175
196,20000,0.8611149945025817,0.8608778216581859,0.0023717284439572772,44.32899785041809,4.419020989328587,6.785271322302833,44.4049289226532,4.42877881567536,6.767368448274634
197,20000,0.8760064177190408,0.8758293819370749,0.0017703578196581748,40.6078097820282,3.221496958641575,6.84955660363256,40.628901958465576,3.2505758450481004,6.848440457949437
198,20000,0.8762367649873469,0.8757062010029727,0.005305639843742327,40.483065128326416,3.2464560889654597,6.844482899279683,40.72769498825073,3.2166666594703353,6.8515038416968785
199,20000,0.8758717588266604,0.8757050865503633,0.0016667227629707515,40.60196089744568,3.257828816705643,6.846176131632897,40.683589935302734,3.2441760433843245,6.8638203241841005
200,20000,0.8755480041014309,0.8751767718256909,0.003712322757399855,40.73878741264343,3.2482758564194834,6.842240189316412,40.909780502319336,3.2278660769293883,6.843114542755198
201,20000,0.8758030642100161,0.8752698804760466,0.005331837339694889,40.663435220718384,3.234371006415034,6.853688024016615,40.86842918395996,3.232418884398028,6.837689045205165
202,20000,0.8754908858555779,0.8757588759499759,-0.0026799009439804067,40.74580264091492,3.256556595171786,6.853963866299533,40.68140482902527,3.234049427838541,6.8465156698884
203,20000,0.8754225136712648,0.8754648628591488,-0.0004234918788403874,40.79104948043823,3.2442617136516843,6.850791722053739,40.81129503250122,3.2210773335326817,6.851584493385417
204,20000,0.8752665506863604,0.87510662591242,0.0015992477394033422,40.87794470787048,3.225627934880571,6.8564410919476835,40.90589213371277,3.2463400489230123,6.853734581499934
205,20000,0.8758364988253633,0.8756793982837437,0.0015710054161954812,40.63504362106323,3.2444384526914654,6.854673896761038,40.71432662010193,3.231346034149609,6.855366761083133
206,20000,0.8757239186574719,0.8753258949686678,0.0039802368880414996,40.68488144874573,3.239232414468558,6.858787256761285,40.820392370224,3.2485941767509767,6.851748922817617
207,20000,0.8755033982075124,0.8758792859377964,-0.003758877302839636,40.77083444595337,3.2383981777420363,6.8431525880602315,40.63654279708862,3.233550539468404,6.850418066546808
208,40000,0.8755151730482866,0.875697860724678,-0.0018268767639140204,40.753111124038696,3.2462143822737626,6.851912084408364,40.71639585494995,3.225747977987894,6.8534012615176705
209,20000,0.8476671409201335,0.8477915411176706,-0.0012440019753712228,47.56849813461304,5.563163510920488,6.911048276188922,47.53277826309204,5.556201059639368,6.910637296759571
210,20000,0.8755786623363955,0.8762320764668814,-0.006534141304859187,40.7390501499176,3.239845279419491,6.853545798728997,40.461024045944214,3.2610642678757267,6.852274883355676
211,20000,0.875619309151928,0.8754588937010608,0.0016041545086720177,40.73333978652954,3.234118495393454,6.848873059561707,40.799564361572266,3.2304002660575586,6.846800678520036
212,20000,0.87588127143647,0.8756612233337622,0.0022004810270781494,40.642046213150024,3.2300615894753157,6.844046116948344,40.70107340812683,3.244206845348532,6.855157166842218
213,20000,0.8756246622817777,0.875703881077037,-0.0007921879525929487,40.683401107788086,3.2642132397634827,6.856138795318553,40.6765718460083,3.2500615333136245,6.8500128344021505
214,20000,0.8754429821566059,0.8756152660730737,-0.0017228391646784136,40.830859899520874,3.2143987775222964,6.844189614986486,40.715081214904785,3.246682079804616,6.850026063982707
215,20000,0.8758360146083934,0.8752570384085961,0.005789761997972986,40.65131711959839,3.2343294283730697,6.852301363369302,40.86639738082886,3.2357167985251465,6.851245746016502
216,20000,0.8754597036522396,0.8757590291496796,-0.0029932549744005055,40.7826726436615,3.2403003420960856,6.855753617788334,40.65638971328735,3.2492038335960745,6.856746924711526
217,20000,0.8755701590032323,0.8751078121394751,0.004623468637572348,40.74147272109985,3.2396453823680087,6.862173941903971,40.928017377853394,3.2335498226255828,6.833051775927743
218,20000,0.8757764023093187,0.8758253170696529,-0.0004891476033419551,40.668705701828,3.236503281922941,6.864856433382907,40.664987325668335,3.228526023325565,6.847574894124942
219,20000,0.8756326890988297,0.8759415978001119,-0.003089087012821956,40.738001585006714,3.2279915840137257,6.848025223285415,40.60700225830078,3.2365904287553167,6.8618081738165095
220,20000,0.8755617360581602,0.8757034987967577,-0.001417627385974507,40.75515174865723,3.2341285899561507,6.846970461809529,40.70391297340393,3.2315837495718713,6.863402952846978
221,20000,0.8753032634362476,0.8758173865890265,-0.005141231527788781,40.84867596626282,3.2353732199453,6.858636711838383,40.63691592216492,3.2460980725541497,6.876286948674217
222,20000,0.8758518749326597,0.8756390173486376,0.002128575840221192,40.61928129196167,3.250758571534396,6.855642722147422,40.696043252944946,3.253026964636731,6.851764872568661
223,40000,0.8754679788953489,0.8756034615848884,-0.0013548268953955667,40.77155804634094,3.2450757575299845,6.8601519741008685,40.744372606277466,3.229888778217881,6.861024667391575
224,20000,0.8474123263005383,0.8472673468147006,0.0014497948583769293,47.665198802948,5.561607305080343,6.921339361296898,47.73668074607849,5.539595400376261,7.059571082567027
225,30000,0.8756040435915657,0.8754753235953209,0.0012871999624486374,40.74135875701904,3.2318845294401513,6.858442551148666,40.79876518249512,3.2269671748262185,6.846818068748689
226,20000,0.8608978727068122,0.861154364684942,-0.002564919781298247,44.405285358428955,4.422789987101258,6.779224173365947,44.29132556915283,4.433091699521283,6.792655147935561
227,40000,0.8756106417614595,0.8757847964129968,-0.0017415465153725052,40.73898220062256,3.2326891221666996,6.847603083557156,40.67715334892273,3.2289130808717257,6.866970458731326
228,20000,0.8476672027180902,0.8474083249967135,0.002588777213766713,47.587846994400024,5.550127739338136,6.919019148802713,47.70329284667969,5.538896348488847,6.912477880311494
229,20000,0.8754059910887534,0.8755252557069982,-0.0011926461824485202,40.8384268283844,3.2191288905438555,6.835500974866487,40.74891638755798,3.247566910707855,6.838315394693278
230,20000,0.8759620052916894,0.8758455312295719,0.001164740621175664,40.61426591873169,3.22974274971252,6.8280724036718805,40.64060640335083,3.239123776599158,6.849507876988355
231,40000,0.8760191602081245,0.8760237472440843,-4.5870359597355304e-05,40.5731303691864,3.2411301195728055,6.843349927475174,40.56723594665527,3.244281319748718,6.837354197646164
232,20000,0.8479914523833931,0.8476185791131376,0.0037287327025548045,47.43161725997925,5.574215811570734,6.895007125352688,47.58281755447388,5.565958476555637,6.9072412678506225
233,20000,0.8756215729182873,0.8760920516088134,-0.004704786905260772,40.74389290809631,3.22730152697532,6.842868893175959,40.537702560424805,3.2463836308357807,6.842429304714083
234,20000,0.8755379746852565,0.8758861272036191,-0.0034815251836262107,40.746710538864136,3.247418446273201,6.81966105490245,40.62889051437378,3.237025442455097,6.84767624346355
235,20000,0.8760249325848953,0.8759922824349214,0.00032650149973889597,40.58786058425903,3.231389391515654,6.829950177296165,40.57588338851929,3.245696078545192,6.844884605266439
236,20000,0.875881166988932,0.8758288729348759,0.0005229405405615672,40.60464906692505,3.2544706254969733,6.838423679091333,40.61532211303711,3.25923287346814,6.850393372723725
237,20000,0.876205059908538,0.8757751394575771,0.004299204509609078,40.51521015167236,3.234846795844046,6.8275541129566175,40.67206811904907,3.2366135597334984,6.84036717820744
238,20000,0.8758921567073877,0.8758305431791087,0.0006161352827904754,40.667734146118164,3.211777935133215,6.834432519726202,40.658732414245605,3.2322046637944855,6.835952851278203
239,20000,0.8755060697142214,0.8762247332595282,-0.00718663545306808,40.74924325942993,3.2509039794704693,6.851545038515724,40.49191999435425,3.2431514242322272,6.851047463678593
240,40000,0.8754540777687446,0.8761780035247846,-0.00723925756039967,40.79888725280762,3.232319414215682,6.842675993609087,40.534913539886475,3.2255761560071132,6.866979156465628
241,40000,0.8473850458682436,0.8478908456085676,-0.005057997403240533,47.70041227340698,5.546129535433232,6.914945015098056,47.465662717819214,5.576477036237499,6.896198478774645
242,20000,0.8476264430791959,0.8479619699504393,-0.0033552687124338565,47.603198528289795,5.5513024711281425,6.903801646992179,47.46529173851013,5.5589055926291,6.90543633273742
243,40000,0.8761804521976513,0.8754705166728093,0.007099355248419981,40.52233552932739,3.235369821887965,6.837836398827572,40.786609411239624,3.2368365181708523,6.835118214519438
244,20000,0.8479857468296735,0.8479680928957701,0.00017653933903405417,47.46538424491882,5.552500967473463,6.913423458210568,47.43520522117615,5.575665031158487,6.918266653799387
245,20000,0.8757827265082896,0.8756337948694353,0.001489316388543216,40.679931640625,3.228896795296366,6.851157408926507,40.71709632873535,3.2431566754232075,6.822386319021358
246,40000,0.8757841531600744,0.8760690759861632,-0.0028492282608882924,40.672043561935425,3.233613771414957,6.8510198816065895,40.571370363235474,3.2302790466159013,6.843321052927773
247,20000,0.8473590849039152,0.8476156792354164,-0.0025659433150115873,47.74017095565796,5.527737677734136,6.904656671314115,47.58337998390198,5.565651210370919,6.915282292898748
248,20000,0.8753269083425067,0.8755689167223966,-0.0024200837988985757,40.87368965148926,3.215131217862604,6.840617537283275,40.75852179527283,3.2313939571767976,6.832651005917692
249,20000,0.8755533458881352,0.875673849220058,-0.001205033319228166,40.766719341278076,3.2296646589615774,6.835399368350092,40.7096586227417,3.2364027541715394,6.846148930748313
250,40000,0.8759403743024148,0.8759032827873389,0.0003709151507591546,40.601972341537476,3.241117006494651,6.8491357792727285,40.60763216018677,3.2469468198710336,6.842259108101327
251,20000,0.8479305892013274,0.8475350031391046,0.003955860622227858,47.44745063781738,5.578241378044172,6.900610067926802,47.64572024345398,5.54590081304073,6.905468472045309
252,20000,0.8756995014208353,0.8759533415285654,-0.002538401077301078,40.70304226875305,3.2340858418689358,6.851084564107974,40.606611013412476,3.2358483511150267,6.8389829180659945
253,30000,0.875460399053854,0.8756291709985441,-0.0016877194469011592,40.8147029876709,3.2205946236287364,6.843746141711563,40.71565055847168,3.242349173217349,6.857917871377491
254,20000,0.8608361896495422,0.8611409644220018,-0.0030477477245960394,44.420998334884644,4.428217036496224,6.77073141609344,44.309383392333984,4.423102953347838,6.813252678474678
255,20000,0.8752477108445924,0.8757775632480185,-0.0052985240342606765,40.87187933921814,3.2358978631433097,6.833109463186387,40.66855311393738,3.236466148620813,6.863058486685428
256,30000,0.8759980431691519,0.8753274156908585,0.006706274782933841,40.59271264076233,3.2328780132659802,6.853194200621043,40.85262203216553,3.229586631109184,6.826943781235654
257,20000,0.8602617726258195,0.8606004995198178,-0.003387268939982757,44.673529624938965,4.410695177825142,6.692755400215589,44.53816294670105,4.411103122360036,6.754408837437845
258,30000,0.8753140303075208,0.8758493745509148,-0.005353442433940758,40.8539674282074,3.230746286396053,6.841841071828081,40.6560959815979,3.2296055730498017,6.833038831349664
259,20000,0.8604990275044558,0.8608629208706007,-0.003638933661448407,44.57238173484802,4.415769197973561,6.726748633178782,44.41431403160095,4.425757090752835,6.774761500979717
260,30000,0.8753479197297316,0.8759199202143149,-0.0057200048458327934,40.83185791969299,3.236621045406065,6.843614385685565,40.611162185668945,3.240729860662119,6.84181861342736
261,20000,0.860735055630879,0.8605292601898334,0.0020579544104559755,44.51851987838745,4.392576697848707,6.739465357154482,44.5465567111969,4.425467032537005,6.721427834212032
262,40000,0.8756838817706032,0.8753250816611078,0.003588001094954052,40.704267501831055,3.2377735572894624,6.842045207423919,40.83366560935974,3.2402123245686076,6.852776084690959
263,20000,0.8474953721725581,0.8476388238912642,-0.0014345171870611129,47.6303129196167,5.564877904195558,6.910406322947576,47.59221339225769,5.554331976737165,6.916671478931116
264,20000,0.8755207873564432,0.8759780994324905,-0.004573120760472671,40.751012086868286,3.2460116784800306,6.854395254723737,40.58617854118347,3.2419826945018313,6.8514896917877195
265,40000,0.8757674107821665,0.8756198941040279,0.0014751667813861502,40.66986584663391,3.238765734613176,6.854269197764448,40.73148584365845,3.2359163344100446,6.839476758523233
266,40000,0.8475674540541426,0.8474957559267908,0.0007169812735174919,47.60400319099426,5.565183477093761,6.9008188459460005,47.65252923965454,5.550001328459854,6.917481696642776
267,20000,0.8478940545891472,0.847750145284903,0.0014390930424423853,47.47717356681824,5.566998721520435,6.91296367900703,47.57243371009827,5.542260972001277,6.8918323144889655
268,40000,0.8753993161378082,0.8756512090949113,-0.002518929571031503,40.82933974266052,3.2276906483709444,6.821200540654585,40.7359299659729,3.2260188523030755,6.833697333694441
269,20000,0.8476003147271244,0.8472493481959373,0.003509665311870469,47.59326529502869,5.563233149402541,6.912519090865667,47.774827003479004,5.532527209620319,6.896749264101938
270,20000,0.8755104119678955,0.8757172540100876,-0.0020684204219212354,40.783289670944214,3.229204564305078,6.83738967494628,40.69552803039551,3.2359020177851296,6.835238504258996
271,40000,0.8760511828560531,0.8761442769101031,-0.0009309405405000248,40.552457094192505,3.2470798702308636,6.838296300414991,40.55271100997925,3.2237331864467245,6.848816359272756
272,20000,0.8475879392242278,0.8478232849439802,-0.0023534571975236673,47.61909008026123,5.5513421460201435,6.891684859975053,47.52003502845764,5.5575500579989985,6.900489215410744
273,40000,0.8758240424702852,0.8756513011133136,0.0017274135697165072,40.68144202232361,3.2185614242810066,6.8443186070429745,40.712992668151855,3.240214350769475,6.8394759302258405
274,20000,0.8480858844705164,0.8475853088546955,0.005005756158208419,47.3872754573822,5.579533839261634,6.899969938623039,47.616199254989624,5.552645867695423,6.906406049803675
275,40000,0.8753811329208737,0.8756286527583764,-0.0024751983750270767,40.820637941360474,3.2365761275509004,6.834296112108755,40.720020055770874,3.2411969125106976,6.838919872320171
276,20000,0.8474487910003514,0.8476655747239696,-0.0021678372361821907,47.66354155540466,5.5555840223971185,6.900494275744572,47.58657622337341,5.551867961038205,6.912316528126212
277,40000,0.8760474376886209,0.8754656204537629,0.005818172348580619,40.564698696136475,3.239464812906763,6.846787203710846,40.79517412185669,3.231994551922055,6.841813764832295
278,20000,0.847351886564436,0.8478440549621233,-0.00492168397687287,47.73492670059204,5.534108259338619,6.888573460222688,47.50617432594299,5.562035189795998,6.893000633636243
279,40000,0.8755260929992468,0.8754897392544343,0.0003635374481247844,40.775498390197754,3.23002586412575,6.842410579105841,40.80917000770569,3.217622461878273,6.837141401573159
280,40000,0.8479596184876961,0.8474414297974959,0.005181886902001498,47.473525524139404,5.553716007939372,6.911490244554443,47.70448112487793,5.531126538991756,6.9007798710918
281,20000,0.8478133718718442,0.84755931197862,0.002540598932242455,47.50372242927551,5.569548692416892,6.910746295052061,47.634931325912476,5.546405795185637,6.9125410170196595
282,40000,0.8758934113424477,0.8756788212429282,0.0021459009951951824,40.64972257614136,3.2226016107609365,6.839465229014422,40.72134470939636,3.228333454077534,6.8386104200753834
283,40000,0.8476911108428149,0.8474363910949881,0.0025471974782675932,47.596418619155884,5.540824608617929,6.895010910584144,47.68158268928528,5.546058578868976,6.912432964891195
284,20000,0.8476439928078023,0.8476083523600098,0.0003564044779258424,47.61213397979736,5.542881577392096,6.88493002081294,47.61179184913635,5.55026030126909,6.902354361016162
285,40000,0.8755814469117067,0.87536981710019,0.0021162981151667815,40.76251792907715,3.2251665456281136,6.840934011911382,40.84655523300171,3.2216402380345266,6.847603859984598
286,20000,0.8475613784611242,0.8476052486265276,-0.00043870165403414596,47.64301419258118,5.540234088644124,6.918824967926307,47.59750008583069,5.55903079745292,6.916368465609944
287,40000,0.8757526249122494,0.8757866478638159,-0.0003402295156651469,40.66153359413147,3.247770630458976,6.852723629462967,40.66476130485535,3.236613736942892,6.864294257923575
288,20000,0.8475436764952081,0.8473163613845447,0.0022731511066342858,47.64792037010193,5.542107498116862,6.909263827099389,47.73447895050049,5.540939283836451,6.913343194406163
289,40000,0.8756653825622619,0.8751159431151732,0.005494394470887398,40.752004623413086,3.209684963733262,6.866753279243905,40.91160321235657,3.2417640774220273,6.837293987852718
290,20000,0.8474600652906439,0.8473452762062972,0.0011478908434670032,47.690720081329346,5.534545084195542,6.912229924989228,47.71104907989502,5.5487461106375715,6.916452358978754
291,40000,0.8753373676131389,0.8751054195427811,0.00231948070357757,40.830498456954956,3.238805763955897,6.858837455495073,40.957679986953735,3.214128790510655,6.84569159464354
292,20000,0.8476261110547654,0.8475143654964122,0.0011174555835313793,47.572572231292725,5.571231498476048,6.900695254411403,47.66507267951965,5.537729626543287,6.914701742814941
293,40000,0.875476044715403,0.8754621144054522,0.00013930309950782593,40.80540633201599,3.2227650226929208,6.844052414001804,40.76363182067871,3.25295382248205,6.842679437188053
294,20000,0.8471965297837688,0.8472687768671793,-0.0007224708341047048,47.800331830978394,5.527143195150562,6.9184660614843345,47.78651833534241,5.519244770908364,6.91096307936823
295,40000,0.8755266894927994,0.8757787224047431,-0.0025203291194364486,40.79211473464966,3.219572009297822,6.838363528181513,40.65551447868347,3.245854587431307,6.846534613411573
296,20000,0.8475083532426698,0.8473127353352866,0.001956179073832054,47.621400117874146,5.567994445068824,6.9038087656369065,47.71101999282837,5.556235311094131,6.920692662836595
297,20000,0.8760427407434012,0.8757758308130889,0.0026690993031230903,40.58191776275635,3.228747869252735,6.857087302086607,40.688695192337036,3.2252738589994316,6.84702278454429
298,20000,0.8757339915269018,0.8754588985201897,0.002750930067121349,40.70714449882507,3.223373398636529,6.848701945737399,40.796879291534424,3.2317468889208447,6.851433995645177
299,40000,0.8751831080083302,0.8749876102818737,0.001954977264565505,40.90158534049988,3.231452664689451,6.844834942392165,40.96317934989929,3.2392679891536953,6.8408844907634245
300,20000,0.8477792751525538,0.8474468605476873,0.0033241460486654884,47.556416511535645,5.544793574429059,6.900922769690064,47.697553873062134,5.533457313744488,6.910770950635092
